{"cameraMode":{"drawMode":0,"name":"Shaded","section":"Shading Mode"},"sceneLighting":false,"audioPlay":false,"sceneViewState":{"m_AlwaysRefresh":true,"showFog":true,"showSkybox":false,"showFlares":true,"showImageEffects":true,"showParticleSystems":true,"showVisualEffectGraphs":true,"m_FxEnabled":true},"in2DMode":false,"pivot":{"x":-0.0010747313499450684,"y":0.3383278548717499,"z":0.1260702908039093},"rotation":{"x":0.37784343957901,"y":-0.27065160870552065,"z":0.11650504171848297,"w":0.8777363300323486},"size":0.9784924387931824,"orthographic":true}