{"cameraMode":{"drawMode":0,"name":"Shaded","section":"Shading Mode"},"sceneLighting":true,"audioPlay":false,"sceneViewState":{"m_AlwaysRefresh":true,"showFog":true,"showSkybox":true,"showFlares":true,"showImageEffects":true,"showParticleSystems":true,"showVisualEffectGraphs":true,"m_FxEnabled":true},"in2DMode":false,"pivot":{"x":-10.656063079833985,"y":5.272045612335205,"z":15.22994327545166},"rotation":{"x":0.21869154274463654,"y":-0.015222442336380482,"z":0.0034061463084071876,"w":0.975681722164154},"size":9.929891586303711,"orthographic":true}