{"cameraMode":{"drawMode":0,"name":"Shaded","section":"Shading Mode"},"sceneLighting":false,"audioPlay":false,"sceneViewState":{"m_AlwaysRefresh":true,"showFog":true,"showSkybox":false,"showFlares":true,"showImageEffects":true,"showParticleSystems":true,"showVisualEffectGraphs":true,"m_FxEnabled":true},"in2DMode":false,"pivot":{"x":-0.0010747313499450684,"y":0.3383278548717499,"z":0.1260702908039093},"rotation":{"x":0.1509026437997818,"y":0.13830545544624329,"z":-0.02133357524871826,"w":0.9786045551300049},"size":0.9784924387931824,"orthographic":true}